Categorie;Finny_GLCode;Finny_GLDescription;Synoniem
Autokosten;2600;Autokosten;auto
Autokosten;2600;Autokosten;autokosten
Autokosten;2600;Autokosten;auto kosten
Autokosten;2600;Autokosten;zakelijke auto
Autokosten;2600;Autokosten;bedrijfsauto
Autokosten;2600;Autokosten;busje
Autokosten;2600;Autokosten;bestelbus
Autokosten;2600;Autokosten;wagenpark
Autokosten;2600;Autokosten;leaseauto
Autokosten;2600;Autokosten;lease
Autokosten;2600;Autokosten;shortlease
Autokosten;2600;Autokosten;mobiliteitsbudget
Autokosten;2600;Autokosten;mobiliteitskaart
Autokosten;2600;Autokosten;deelauto
Autokosten;2600;Autokosten;poolauto
Autokosten;2600;Autokosten;tanken
Autokosten;2600;Autokosten;brandstof
Autokosten;2600;Autokosten;benzine
Autokosten;2600;Autokosten;diesel
Autokosten;2600;Autokosten;laden
Autokosten;2600;Autokosten;laadpaal
Autokosten;2600;Autokosten;laadkosten
Autokosten;2600;Autokosten;garagekosten
Autokosten;2600;Autokosten;onderhoud auto
Autokosten;2600;Autokosten;reparatie
Autokosten;2600;Autokosten;banden
Autokosten;2600;Autokosten;apk
Autokosten;2600;Autokosten;wasstraat
Autokosten;2600;Autokosten;parkeerkosten
Autokosten;2600;Autokosten;parkeerplaats
Autokosten;2600;Autokosten;parkeergarage
Autokosten;2600;Autokosten;parkeerapp
Autokosten;2600;Autokosten;tol
Autokosten;2600;Autokosten;vignet
Autokosten;2600;Autokosten;tunnelkosten
Autokosten;2600;Autokosten;bruggeld
Autokosten;2600;Autokosten;wegenbelasting
Autokosten;2600;Autokosten;motorrijtuigenbelasting
Autokosten;2600;Autokosten;mrb
Autokosten;2600;Autokosten;km‑vergoeding
Autokosten;2600;Autokosten;kilometervergoeding
Autokosten;260;Vervoermiddelen;auto
Autokosten;260;Vervoermiddelen;autokosten
Autokosten;260;Vervoermiddelen;auto kosten
Autokosten;260;Vervoermiddelen;zakelijke auto
Autokosten;260;Vervoermiddelen;bedrijfsauto
Autokosten;260;Vervoermiddelen;busje
Autokosten;260;Vervoermiddelen;bestelbus
Autokosten;260;Vervoermiddelen;wagenpark
Autokosten;260;Vervoermiddelen;leaseauto
Autokosten;260;Vervoermiddelen;lease
Autokosten;260;Vervoermiddelen;shortlease
Autokosten;260;Vervoermiddelen;mobiliteitsbudget
Autokosten;260;Vervoermiddelen;mobiliteitskaart
Autokosten;260;Vervoermiddelen;deelauto
Autokosten;260;Vervoermiddelen;poolauto
Autokosten;260;Vervoermiddelen;tanken
Autokosten;260;Vervoermiddelen;brandstof
Autokosten;260;Vervoermiddelen;benzine
Autokosten;260;Vervoermiddelen;diesel
Autokosten;260;Vervoermiddelen;laden
Autokosten;260;Vervoermiddelen;laadpaal
Autokosten;260;Vervoermiddelen;laadkosten
Autokosten;260;Vervoermiddelen;garagekosten
Autokosten;260;Vervoermiddelen;onderhoud auto
Autokosten;260;Vervoermiddelen;reparatie
Autokosten;260;Vervoermiddelen;banden
Autokosten;260;Vervoermiddelen;apk
Autokosten;260;Vervoermiddelen;wasstraat
Autokosten;260;Vervoermiddelen;parkeerkosten
Autokosten;260;Vervoermiddelen;parkeerplaats
Autokosten;260;Vervoermiddelen;parkeergarage
Autokosten;260;Vervoermiddelen;parkeerapp
Autokosten;260;Vervoermiddelen;tol
Autokosten;260;Vervoermiddelen;vignet
Autokosten;260;Vervoermiddelen;tunnelkosten
Autokosten;260;Vervoermiddelen;bruggeld
Autokosten;260;Vervoermiddelen;wegenbelasting
Autokosten;260;Vervoermiddelen;motorrijtuigenbelasting
Autokosten;260;Vervoermiddelen;mrb
Autokosten;260;Vervoermiddelen;km‑vergoeding
Autokosten;260;Vervoermiddelen;kilometervergoeding
Autokosten;4420;Verzekeringen vervoermiddelen;auto
Autokosten;4420;Verzekeringen vervoermiddelen;autokosten
Autokosten;4420;Verzekeringen vervoermiddelen;auto kosten
Autokosten;4420;Verzekeringen vervoermiddelen;zakelijke auto
Autokosten;4420;Verzekeringen vervoermiddelen;bedrijfsauto
Autokosten;4420;Verzekeringen vervoermiddelen;busje
Autokosten;4420;Verzekeringen vervoermiddelen;bestelbus
Autokosten;4420;Verzekeringen vervoermiddelen;wagenpark
Autokosten;4420;Verzekeringen vervoermiddelen;leaseauto
Autokosten;4420;Verzekeringen vervoermiddelen;lease
Autokosten;4420;Verzekeringen vervoermiddelen;shortlease
Autokosten;4420;Verzekeringen vervoermiddelen;mobiliteitsbudget
Autokosten;4420;Verzekeringen vervoermiddelen;mobiliteitskaart
Autokosten;4420;Verzekeringen vervoermiddelen;deelauto
Autokosten;4420;Verzekeringen vervoermiddelen;poolauto
Autokosten;4420;Verzekeringen vervoermiddelen;tanken
Autokosten;4420;Verzekeringen vervoermiddelen;brandstof
Autokosten;4420;Verzekeringen vervoermiddelen;benzine
Autokosten;4420;Verzekeringen vervoermiddelen;diesel
Autokosten;4420;Verzekeringen vervoermiddelen;laden
Autokosten;4420;Verzekeringen vervoermiddelen;laadpaal
Autokosten;4420;Verzekeringen vervoermiddelen;laadkosten
Autokosten;4420;Verzekeringen vervoermiddelen;garagekosten
Autokosten;4420;Verzekeringen vervoermiddelen;onderhoud auto
Autokosten;4420;Verzekeringen vervoermiddelen;reparatie
Autokosten;4420;Verzekeringen vervoermiddelen;banden
Autokosten;4420;Verzekeringen vervoermiddelen;apk
Autokosten;4420;Verzekeringen vervoermiddelen;wasstraat
Autokosten;4420;Verzekeringen vervoermiddelen;parkeerkosten
Autokosten;4420;Verzekeringen vervoermiddelen;parkeerplaats
Autokosten;4420;Verzekeringen vervoermiddelen;parkeergarage
Autokosten;4420;Verzekeringen vervoermiddelen;parkeerapp
Autokosten;4420;Verzekeringen vervoermiddelen;tol
Autokosten;4420;Verzekeringen vervoermiddelen;vignet
Autokosten;4420;Verzekeringen vervoermiddelen;tunnelkosten
Autokosten;4420;Verzekeringen vervoermiddelen;bruggeld
Autokosten;4420;Verzekeringen vervoermiddelen;wegenbelasting
Autokosten;4420;Verzekeringen vervoermiddelen;motorrijtuigenbelasting
Autokosten;4420;Verzekeringen vervoermiddelen;mrb
Autokosten;4420;Verzekeringen vervoermiddelen;km‑vergoeding
Autokosten;4420;Verzekeringen vervoermiddelen;kilometervergoeding
Autokosten;4760;Afschrijvingskosten vervoermiddelen;auto
Autokosten;4760;Afschrijvingskosten vervoermiddelen;autokosten
Autokosten;4760;Afschrijvingskosten vervoermiddelen;auto kosten
Autokosten;4760;Afschrijvingskosten vervoermiddelen;zakelijke auto
Autokosten;4760;Afschrijvingskosten vervoermiddelen;bedrijfsauto
Autokosten;4760;Afschrijvingskosten vervoermiddelen;busje
Autokosten;4760;Afschrijvingskosten vervoermiddelen;bestelbus
Autokosten;4760;Afschrijvingskosten vervoermiddelen;wagenpark
Autokosten;4760;Afschrijvingskosten vervoermiddelen;leaseauto
Autokosten;4760;Afschrijvingskosten vervoermiddelen;lease
Autokosten;4760;Afschrijvingskosten vervoermiddelen;shortlease
Autokosten;4760;Afschrijvingskosten vervoermiddelen;mobiliteitsbudget
Autokosten;4760;Afschrijvingskosten vervoermiddelen;mobiliteitskaart
Autokosten;4760;Afschrijvingskosten vervoermiddelen;deelauto
Autokosten;4760;Afschrijvingskosten vervoermiddelen;poolauto
Autokosten;4760;Afschrijvingskosten vervoermiddelen;tanken
Autokosten;4760;Afschrijvingskosten vervoermiddelen;brandstof
Autokosten;4760;Afschrijvingskosten vervoermiddelen;benzine
Autokosten;4760;Afschrijvingskosten vervoermiddelen;diesel
Autokosten;4760;Afschrijvingskosten vervoermiddelen;laden
Autokosten;4760;Afschrijvingskosten vervoermiddelen;laadpaal
Autokosten;4760;Afschrijvingskosten vervoermiddelen;laadkosten
Autokosten;4760;Afschrijvingskosten vervoermiddelen;garagekosten
Autokosten;4760;Afschrijvingskosten vervoermiddelen;onderhoud auto
Autokosten;4760;Afschrijvingskosten vervoermiddelen;reparatie
Autokosten;4760;Afschrijvingskosten vervoermiddelen;banden
Autokosten;4760;Afschrijvingskosten vervoermiddelen;apk
Autokosten;4760;Afschrijvingskosten vervoermiddelen;wasstraat
Autokosten;4760;Afschrijvingskosten vervoermiddelen;parkeerkosten
Autokosten;4760;Afschrijvingskosten vervoermiddelen;parkeerplaats
Autokosten;4760;Afschrijvingskosten vervoermiddelen;parkeergarage
Autokosten;4760;Afschrijvingskosten vervoermiddelen;parkeerapp
Autokosten;4760;Afschrijvingskosten vervoermiddelen;tol
Autokosten;4760;Afschrijvingskosten vervoermiddelen;vignet
Autokosten;4760;Afschrijvingskosten vervoermiddelen;tunnelkosten
Autokosten;4760;Afschrijvingskosten vervoermiddelen;bruggeld
Autokosten;4760;Afschrijvingskosten vervoermiddelen;wegenbelasting
Autokosten;4760;Afschrijvingskosten vervoermiddelen;motorrijtuigenbelasting
Autokosten;4760;Afschrijvingskosten vervoermiddelen;mrb
Autokosten;4760;Afschrijvingskosten vervoermiddelen;km‑vergoeding
Autokosten;4760;Afschrijvingskosten vervoermiddelen;kilometervergoeding
Kantoorkosten en telecommunicatie;2800;Kantoorkosten;kantoorkosten
Kantoorkosten en telecommunicatie;2800;Kantoorkosten;kantooruitgaven
Kantoorkosten en telecommunicatie;2800;Kantoorkosten;kantoor kosten
Kantoorkosten en telecommunicatie;2800;Kantoorkosten;kantoorbenodigdheden
Kantoorkosten en telecommunicatie;2800;Kantoorkosten;kantoorartikelen
Kantoorkosten en telecommunicatie;2800;Kantoorkosten;kantoorinventaris (klein)
Kantoorkosten en telecommunicatie;2800;Kantoorkosten;papier
Kantoorkosten en telecommunicatie;2800;Kantoorkosten;pennen
Kantoorkosten en telecommunicatie;2800;Kantoorkosten;ordners
Kantoorkosten en telecommunicatie;2800;Kantoorkosten;mappen
Kantoorkosten en telecommunicatie;2800;Kantoorkosten;nietjes
Kantoorkosten en telecommunicatie;2800;Kantoorkosten;printer
Kantoorkosten en telecommunicatie;2800;Kantoorkosten;toners
Kantoorkosten en telecommunicatie;2800;Kantoorkosten;inkt
Kantoorkosten en telecommunicatie;2800;Kantoorkosten;kopieën
Kantoorkosten en telecommunicatie;2800;Kantoorkosten;printkosten
Kantoorkosten en telecommunicatie;2800;Kantoorkosten;abonnementen (algemeen)
Kantoorkosten en telecommunicatie;2800;Kantoorkosten;contributies
Kantoorkosten en telecommunicatie;2800;Kantoorkosten;lidmaatschappen (niet personeel)
Kantoorkosten en telecommunicatie;2800;Kantoorkosten;porto
Kantoorkosten en telecommunicatie;2800;Kantoorkosten;postzegels
Kantoorkosten en telecommunicatie;2800;Kantoorkosten;pakketkosten
Kantoorkosten en telecommunicatie;2800;Kantoorkosten;verzending
Kantoorkosten en telecommunicatie;2800;Kantoorkosten;verzendkosten
Kantoorkosten en telecommunicatie;2800;Kantoorkosten;telefonie
Kantoorkosten en telecommunicatie;2800;Kantoorkosten;telefoonkosten
Kantoorkosten en telecommunicatie;2800;Kantoorkosten;belkosten
Kantoorkosten en telecommunicatie;2800;Kantoorkosten;bellen
Kantoorkosten en telecommunicatie;2800;Kantoorkosten;voip
Kantoorkosten en telecommunicatie;2800;Kantoorkosten;vast bellen
Kantoorkosten en telecommunicatie;2800;Kantoorkosten;mobiele telefoon
Kantoorkosten en telecommunicatie;2800;Kantoorkosten;mobiel
Kantoorkosten en telecommunicatie;2800;Kantoorkosten;smartphone
Kantoorkosten en telecommunicatie;2800;Kantoorkosten;sim‑only
Kantoorkosten en telecommunicatie;2800;Kantoorkosten;bundel
Kantoorkosten en telecommunicatie;2800;Kantoorkosten;databundel
Kantoorkosten en telecommunicatie;2800;Kantoorkosten;internetkosten
Kantoorkosten en telecommunicatie;2800;Kantoorkosten;internet
Kantoorkosten en telecommunicatie;2800;Kantoorkosten;wifi
Kantoorkosten en telecommunicatie;2800;Kantoorkosten;glasvezel
Kantoorkosten en telecommunicatie;2800;Kantoorkosten;modem
Kantoorkosten en telecommunicatie;2800;Kantoorkosten;router
Kantoorkosten en telecommunicatie;2800;Kantoorkosten;“telefoon + internet”
Kantoorkosten en telecommunicatie;2800;Kantoorkosten;software
Kantoorkosten en telecommunicatie;2800;Kantoorkosten;software‑abonnement
Kantoorkosten en telecommunicatie;2800;Kantoorkosten;licenties
Kantoorkosten en telecommunicatie;2800;Kantoorkosten;saas
Kantoorkosten en telecommunicatie;2800;Kantoorkosten;cloud‑abonnement
Kantoorkosten en telecommunicatie;2800;Kantoorkosten;microsoft 365
Kantoorkosten en telecommunicatie;2800;Kantoorkosten;exact‑abonnement
Kantoorkosten en telecommunicatie;2800;Kantoorkosten;boekhoudpakket
Kantoorkosten en telecommunicatie;2800;Kantoorkosten;domeinnaam
Kantoorkosten en telecommunicatie;2800;Kantoorkosten;domeinnaamregistratie
Kantoorkosten en telecommunicatie;2800;Kantoorkosten;hosting
Kantoorkosten en telecommunicatie;2800;Kantoorkosten;website‑hosting
Kantoorkosten en telecommunicatie;2800;Kantoorkosten;e‑mailhosting
Huisvestingskosten;2400;Huisvestingskosten;huisvesting
Huisvestingskosten;2400;Huisvestingskosten;huisvestingskosten
Huisvestingskosten;2400;Huisvestingskosten;pandkosten
Huisvestingskosten;2400;Huisvestingskosten;pand lasten
Huisvestingskosten;2400;Huisvestingskosten;kantoorpand
Huisvestingskosten;2400;Huisvestingskosten;bedrijfspand
Huisvestingskosten;2400;Huisvestingskosten;huur kantoor
Huisvestingskosten;2400;Huisvestingskosten;huur werkruimte
Huisvestingskosten;2400;Huisvestingskosten;bedrijfsruimte
Huisvestingskosten;2400;Huisvestingskosten;praktijkruimte
Huisvestingskosten;2400;Huisvestingskosten;atelier
Huisvestingskosten;2400;Huisvestingskosten;opslagruimte
Huisvestingskosten;2400;Huisvestingskosten;magazijn
Huisvestingskosten;2400;Huisvestingskosten;servicekosten
Huisvestingskosten;2400;Huisvestingskosten;vve‑bijdrage
Huisvestingskosten;2400;Huisvestingskosten;schoonmaak kantoor
Huisvestingskosten;2400;Huisvestingskosten;glasbewassing
Huisvestingskosten;2400;Huisvestingskosten;gas
Huisvestingskosten;2400;Huisvestingskosten;water
Huisvestingskosten;2400;Huisvestingskosten;licht
Huisvestingskosten;2400;Huisvestingskosten;energie
Huisvestingskosten;2400;Huisvestingskosten;elektra
Huisvestingskosten;2400;Huisvestingskosten;nutsvoorzieningen
Huisvestingskosten;2400;Huisvestingskosten;energierekening
Huisvestingskosten;2400;Huisvestingskosten;voorschot energie
Huisvestingskosten;2400;Huisvestingskosten;werkruimte thuis
Huisvestingskosten;2400;Huisvestingskosten;kantoor aan huis (inhoudelijke fiscale uitleg volgt in latere stap)
Personeelskosten en loon;2300;Personeelskosten;personeelskosten
Personeelskosten en loon;2300;Personeelskosten;loonkosten
Personeelskosten en loon;2300;Personeelskosten;werknemerskosten
Personeelskosten en loon;2300;Personeelskosten;personeelsuitgaven
Personeelskosten en loon;2300;Personeelskosten;payroll
Personeelskosten en loon;2300;Personeelskosten;salaris
Personeelskosten en loon;2300;Personeelskosten;lonen
Personeelskosten en loon;2300;Personeelskosten;loon
Personeelskosten en loon;2300;Personeelskosten;loonstrook
Personeelskosten en loon;2300;Personeelskosten;loonadministratie
Personeelskosten en loon;2300;Personeelskosten;vakantiegeld
Personeelskosten en loon;2300;Personeelskosten;dertiende maand
Personeelskosten en loon;2300;Personeelskosten;bonus
Personeelskosten en loon;2300;Personeelskosten;provisie
Personeelskosten en loon;2300;Personeelskosten;werkgeverslasten
Personeelskosten en loon;2300;Personeelskosten;sociale lasten
Personeelskosten en loon;2300;Personeelskosten;werkgeverspremies
Personeelskosten en loon;2300;Personeelskosten;pensioenpremie
Personeelskosten en loon;2300;Personeelskosten;pensioenregeling
Personeelskosten en loon;2300;Personeelskosten;pensioenbijdrage
Personeelskosten en loon;2300;Personeelskosten;reiskosten personeel
Personeelskosten en loon;2300;Personeelskosten;ov‑vergoeding
Personeelskosten en loon;2300;Personeelskosten;km‑vergoeding personeel
Personeelskosten en loon;2300;Personeelskosten;dienstreis personeel
Personeelskosten en loon;2300;Personeelskosten;opleidingskosten personeel
Personeelskosten en loon;2300;Personeelskosten;trainingen
Personeelskosten en loon;2300;Personeelskosten;cursussen
Personeelskosten en loon;2300;Personeelskosten;studiedagen
Personeelskosten en loon;2300;Personeelskosten;ontwikkelbudget
Personeelskosten en loon;2300;Personeelskosten;arbodienst
Personeelskosten en loon;2300;Personeelskosten;arbo‑dienst
Personeelskosten en loon;2300;Personeelskosten;verzuimverzekering
Personeelskosten en loon;2300;Personeelskosten;verzuimbegeleiding
Personeelskosten en loon;2300;Personeelskosten;ziekteverzuim
Personeelskosten en loon;2300;Personeelskosten;ziekteverzuimkosten
Personeelskosten en loon;2300;Personeelskosten;kerstpakket personeel
Personeelskosten en loon;2300;Personeelskosten;personeelsfeest
Personeelskosten en loon;2300;Personeelskosten;teamdag
Personeelskosten en loon;2300;Personeelskosten;teamuitje (ook kandidaat voor representatiekosten)
Personeelskosten en loon;4000;Bruto loon;personeelskosten
Personeelskosten en loon;4000;Bruto loon;loonkosten
Personeelskosten en loon;4000;Bruto loon;werknemerskosten
Personeelskosten en loon;4000;Bruto loon;personeelsuitgaven
Personeelskosten en loon;4000;Bruto loon;payroll
Personeelskosten en loon;4000;Bruto loon;salaris
Personeelskosten en loon;4000;Bruto loon;lonen
Personeelskosten en loon;4000;Bruto loon;loon
Personeelskosten en loon;4000;Bruto loon;loonstrook
Personeelskosten en loon;4000;Bruto loon;loonadministratie
Personeelskosten en loon;4000;Bruto loon;vakantiegeld
Personeelskosten en loon;4000;Bruto loon;dertiende maand
Personeelskosten en loon;4000;Bruto loon;bonus
Personeelskosten en loon;4000;Bruto loon;provisie
Personeelskosten en loon;4000;Bruto loon;werkgeverslasten
Personeelskosten en loon;4000;Bruto loon;sociale lasten
Personeelskosten en loon;4000;Bruto loon;werkgeverspremies
Personeelskosten en loon;4000;Bruto loon;pensioenpremie
Personeelskosten en loon;4000;Bruto loon;pensioenregeling
Personeelskosten en loon;4000;Bruto loon;pensioenbijdrage
Personeelskosten en loon;4000;Bruto loon;reiskosten personeel
Personeelskosten en loon;4000;Bruto loon;ov‑vergoeding
Personeelskosten en loon;4000;Bruto loon;km‑vergoeding personeel
Personeelskosten en loon;4000;Bruto loon;dienstreis personeel
Personeelskosten en loon;4000;Bruto loon;opleidingskosten personeel
Personeelskosten en loon;4000;Bruto loon;trainingen
Personeelskosten en loon;4000;Bruto loon;cursussen
Personeelskosten en loon;4000;Bruto loon;studiedagen
Personeelskosten en loon;4000;Bruto loon;ontwikkelbudget
Personeelskosten en loon;4000;Bruto loon;arbodienst
Personeelskosten en loon;4000;Bruto loon;arbo‑dienst
Personeelskosten en loon;4000;Bruto loon;verzuimverzekering
Personeelskosten en loon;4000;Bruto loon;verzuimbegeleiding
Personeelskosten en loon;4000;Bruto loon;ziekteverzuim
Personeelskosten en loon;4000;Bruto loon;ziekteverzuimkosten
Personeelskosten en loon;4000;Bruto loon;kerstpakket personeel
Personeelskosten en loon;4000;Bruto loon;personeelsfeest
Personeelskosten en loon;4000;Bruto loon;teamdag
Personeelskosten en loon;4000;Bruto loon;teamuitje (ook kandidaat voor representatiekosten)
Personeelskosten en loon;4034;Kilometervergoeding personeel;personeelskosten
Personeelskosten en loon;4034;Kilometervergoeding personeel;loonkosten
Personeelskosten en loon;4034;Kilometervergoeding personeel;werknemerskosten
Personeelskosten en loon;4034;Kilometervergoeding personeel;personeelsuitgaven
Personeelskosten en loon;4034;Kilometervergoeding personeel;payroll
Personeelskosten en loon;4034;Kilometervergoeding personeel;salaris
Personeelskosten en loon;4034;Kilometervergoeding personeel;lonen
Personeelskosten en loon;4034;Kilometervergoeding personeel;loon
Personeelskosten en loon;4034;Kilometervergoeding personeel;loonstrook
Personeelskosten en loon;4034;Kilometervergoeding personeel;loonadministratie
Personeelskosten en loon;4034;Kilometervergoeding personeel;vakantiegeld
Personeelskosten en loon;4034;Kilometervergoeding personeel;dertiende maand
Personeelskosten en loon;4034;Kilometervergoeding personeel;bonus
Personeelskosten en loon;4034;Kilometervergoeding personeel;provisie
Personeelskosten en loon;4034;Kilometervergoeding personeel;werkgeverslasten
Personeelskosten en loon;4034;Kilometervergoeding personeel;sociale lasten
Personeelskosten en loon;4034;Kilometervergoeding personeel;werkgeverspremies
Personeelskosten en loon;4034;Kilometervergoeding personeel;pensioenpremie
Personeelskosten en loon;4034;Kilometervergoeding personeel;pensioenregeling
Personeelskosten en loon;4034;Kilometervergoeding personeel;pensioenbijdrage
Personeelskosten en loon;4034;Kilometervergoeding personeel;reiskosten personeel
Personeelskosten en loon;4034;Kilometervergoeding personeel;ov‑vergoeding
Personeelskosten en loon;4034;Kilometervergoeding personeel;km‑vergoeding personeel
Personeelskosten en loon;4034;Kilometervergoeding personeel;dienstreis personeel
Personeelskosten en loon;4034;Kilometervergoeding personeel;opleidingskosten personeel
Personeelskosten en loon;4034;Kilometervergoeding personeel;trainingen
Personeelskosten en loon;4034;Kilometervergoeding personeel;cursussen
Personeelskosten en loon;4034;Kilometervergoeding personeel;studiedagen
Personeelskosten en loon;4034;Kilometervergoeding personeel;ontwikkelbudget
Personeelskosten en loon;4034;Kilometervergoeding personeel;arbodienst
Personeelskosten en loon;4034;Kilometervergoeding personeel;arbo‑dienst
Personeelskosten en loon;4034;Kilometervergoeding personeel;verzuimverzekering
Personeelskosten en loon;4034;Kilometervergoeding personeel;verzuimbegeleiding
Personeelskosten en loon;4034;Kilometervergoeding personeel;ziekteverzuim
Personeelskosten en loon;4034;Kilometervergoeding personeel;ziekteverzuimkosten
Personeelskosten en loon;4034;Kilometervergoeding personeel;kerstpakket personeel
Personeelskosten en loon;4034;Kilometervergoeding personeel;personeelsfeest
Personeelskosten en loon;4034;Kilometervergoeding personeel;teamdag
Personeelskosten en loon;4034;Kilometervergoeding personeel;teamuitje (ook kandidaat voor representatiekosten)
Personeelskosten en loon;4035;Reiskostenvergoedingen personeel;personeelskosten
Personeelskosten en loon;4035;Reiskostenvergoedingen personeel;loonkosten
Personeelskosten en loon;4035;Reiskostenvergoedingen personeel;werknemerskosten
Personeelskosten en loon;4035;Reiskostenvergoedingen personeel;personeelsuitgaven
Personeelskosten en loon;4035;Reiskostenvergoedingen personeel;payroll
Personeelskosten en loon;4035;Reiskostenvergoedingen personeel;salaris
Personeelskosten en loon;4035;Reiskostenvergoedingen personeel;lonen
Personeelskosten en loon;4035;Reiskostenvergoedingen personeel;loon
Personeelskosten en loon;4035;Reiskostenvergoedingen personeel;loonstrook
Personeelskosten en loon;4035;Reiskostenvergoedingen personeel;loonadministratie
Personeelskosten en loon;4035;Reiskostenvergoedingen personeel;vakantiegeld
Personeelskosten en loon;4035;Reiskostenvergoedingen personeel;dertiende maand
Personeelskosten en loon;4035;Reiskostenvergoedingen personeel;bonus
Personeelskosten en loon;4035;Reiskostenvergoedingen personeel;provisie
Personeelskosten en loon;4035;Reiskostenvergoedingen personeel;werkgeverslasten
Personeelskosten en loon;4035;Reiskostenvergoedingen personeel;sociale lasten
Personeelskosten en loon;4035;Reiskostenvergoedingen personeel;werkgeverspremies
Personeelskosten en loon;4035;Reiskostenvergoedingen personeel;pensioenpremie
Personeelskosten en loon;4035;Reiskostenvergoedingen personeel;pensioenregeling
Personeelskosten en loon;4035;Reiskostenvergoedingen personeel;pensioenbijdrage
Personeelskosten en loon;4035;Reiskostenvergoedingen personeel;reiskosten personeel
Personeelskosten en loon;4035;Reiskostenvergoedingen personeel;ov‑vergoeding
Personeelskosten en loon;4035;Reiskostenvergoedingen personeel;km‑vergoeding personeel
Personeelskosten en loon;4035;Reiskostenvergoedingen personeel;dienstreis personeel
Personeelskosten en loon;4035;Reiskostenvergoedingen personeel;opleidingskosten personeel
Personeelskosten en loon;4035;Reiskostenvergoedingen personeel;trainingen
Personeelskosten en loon;4035;Reiskostenvergoedingen personeel;cursussen
Personeelskosten en loon;4035;Reiskostenvergoedingen personeel;studiedagen
Personeelskosten en loon;4035;Reiskostenvergoedingen personeel;ontwikkelbudget
Personeelskosten en loon;4035;Reiskostenvergoedingen personeel;arbodienst
Personeelskosten en loon;4035;Reiskostenvergoedingen personeel;arbo‑dienst
Personeelskosten en loon;4035;Reiskostenvergoedingen personeel;verzuimverzekering
Personeelskosten en loon;4035;Reiskostenvergoedingen personeel;verzuimbegeleiding
Personeelskosten en loon;4035;Reiskostenvergoedingen personeel;ziekteverzuim
Personeelskosten en loon;4035;Reiskostenvergoedingen personeel;ziekteverzuimkosten
Personeelskosten en loon;4035;Reiskostenvergoedingen personeel;kerstpakket personeel
Personeelskosten en loon;4035;Reiskostenvergoedingen personeel;personeelsfeest
Personeelskosten en loon;4035;Reiskostenvergoedingen personeel;teamdag
Personeelskosten en loon;4035;Reiskostenvergoedingen personeel;teamuitje (ook kandidaat voor representatiekosten)
Personeelskosten en loon;4070;Opleidingskosten personeel;personeelskosten
Personeelskosten en loon;4070;Opleidingskosten personeel;loonkosten
Personeelskosten en loon;4070;Opleidingskosten personeel;werknemerskosten
Personeelskosten en loon;4070;Opleidingskosten personeel;personeelsuitgaven
Personeelskosten en loon;4070;Opleidingskosten personeel;payroll
Personeelskosten en loon;4070;Opleidingskosten personeel;salaris
Personeelskosten en loon;4070;Opleidingskosten personeel;lonen
Personeelskosten en loon;4070;Opleidingskosten personeel;loon
Personeelskosten en loon;4070;Opleidingskosten personeel;loonstrook
Personeelskosten en loon;4070;Opleidingskosten personeel;loonadministratie
Personeelskosten en loon;4070;Opleidingskosten personeel;vakantiegeld
Personeelskosten en loon;4070;Opleidingskosten personeel;dertiende maand
Personeelskosten en loon;4070;Opleidingskosten personeel;bonus
Personeelskosten en loon;4070;Opleidingskosten personeel;provisie
Personeelskosten en loon;4070;Opleidingskosten personeel;werkgeverslasten
Personeelskosten en loon;4070;Opleidingskosten personeel;sociale lasten
Personeelskosten en loon;4070;Opleidingskosten personeel;werkgeverspremies
Personeelskosten en loon;4070;Opleidingskosten personeel;pensioenpremie
Personeelskosten en loon;4070;Opleidingskosten personeel;pensioenregeling
Personeelskosten en loon;4070;Opleidingskosten personeel;pensioenbijdrage
Personeelskosten en loon;4070;Opleidingskosten personeel;reiskosten personeel
Personeelskosten en loon;4070;Opleidingskosten personeel;ov‑vergoeding
Personeelskosten en loon;4070;Opleidingskosten personeel;km‑vergoeding personeel
Personeelskosten en loon;4070;Opleidingskosten personeel;dienstreis personeel
Personeelskosten en loon;4070;Opleidingskosten personeel;opleidingskosten personeel
Personeelskosten en loon;4070;Opleidingskosten personeel;trainingen
Personeelskosten en loon;4070;Opleidingskosten personeel;cursussen
Personeelskosten en loon;4070;Opleidingskosten personeel;studiedagen
Personeelskosten en loon;4070;Opleidingskosten personeel;ontwikkelbudget
Personeelskosten en loon;4070;Opleidingskosten personeel;arbodienst
Personeelskosten en loon;4070;Opleidingskosten personeel;arbo‑dienst
Personeelskosten en loon;4070;Opleidingskosten personeel;verzuimverzekering
Personeelskosten en loon;4070;Opleidingskosten personeel;verzuimbegeleiding
Personeelskosten en loon;4070;Opleidingskosten personeel;ziekteverzuim
Personeelskosten en loon;4070;Opleidingskosten personeel;ziekteverzuimkosten
Personeelskosten en loon;4070;Opleidingskosten personeel;kerstpakket personeel
Personeelskosten en loon;4070;Opleidingskosten personeel;personeelsfeest
Personeelskosten en loon;4070;Opleidingskosten personeel;teamdag
Personeelskosten en loon;4070;Opleidingskosten personeel;teamuitje (ook kandidaat voor representatiekosten)
Personeelskosten en loon;4045;Verzekeringen personeel;personeelskosten
Personeelskosten en loon;4045;Verzekeringen personeel;loonkosten
Personeelskosten en loon;4045;Verzekeringen personeel;werknemerskosten
Personeelskosten en loon;4045;Verzekeringen personeel;personeelsuitgaven
Personeelskosten en loon;4045;Verzekeringen personeel;payroll
Personeelskosten en loon;4045;Verzekeringen personeel;salaris
Personeelskosten en loon;4045;Verzekeringen personeel;lonen
Personeelskosten en loon;4045;Verzekeringen personeel;loon
Personeelskosten en loon;4045;Verzekeringen personeel;loonstrook
Personeelskosten en loon;4045;Verzekeringen personeel;loonadministratie
Personeelskosten en loon;4045;Verzekeringen personeel;vakantiegeld
Personeelskosten en loon;4045;Verzekeringen personeel;dertiende maand
Personeelskosten en loon;4045;Verzekeringen personeel;bonus
Personeelskosten en loon;4045;Verzekeringen personeel;provisie
Personeelskosten en loon;4045;Verzekeringen personeel;werkgeverslasten
Personeelskosten en loon;4045;Verzekeringen personeel;sociale lasten
Personeelskosten en loon;4045;Verzekeringen personeel;werkgeverspremies
Personeelskosten en loon;4045;Verzekeringen personeel;pensioenpremie
Personeelskosten en loon;4045;Verzekeringen personeel;pensioenregeling
Personeelskosten en loon;4045;Verzekeringen personeel;pensioenbijdrage
Personeelskosten en loon;4045;Verzekeringen personeel;reiskosten personeel
Personeelskosten en loon;4045;Verzekeringen personeel;ov‑vergoeding
Personeelskosten en loon;4045;Verzekeringen personeel;km‑vergoeding personeel
Personeelskosten en loon;4045;Verzekeringen personeel;dienstreis personeel
Personeelskosten en loon;4045;Verzekeringen personeel;opleidingskosten personeel
Personeelskosten en loon;4045;Verzekeringen personeel;trainingen
Personeelskosten en loon;4045;Verzekeringen personeel;cursussen
Personeelskosten en loon;4045;Verzekeringen personeel;studiedagen
Personeelskosten en loon;4045;Verzekeringen personeel;ontwikkelbudget
Personeelskosten en loon;4045;Verzekeringen personeel;arbodienst
Personeelskosten en loon;4045;Verzekeringen personeel;arbo‑dienst
Personeelskosten en loon;4045;Verzekeringen personeel;verzuimverzekering
Personeelskosten en loon;4045;Verzekeringen personeel;verzuimbegeleiding
Personeelskosten en loon;4045;Verzekeringen personeel;ziekteverzuim
Personeelskosten en loon;4045;Verzekeringen personeel;ziekteverzuimkosten
Personeelskosten en loon;4045;Verzekeringen personeel;kerstpakket personeel
Personeelskosten en loon;4045;Verzekeringen personeel;personeelsfeest
Personeelskosten en loon;4045;Verzekeringen personeel;teamdag
Personeelskosten en loon;4045;Verzekeringen personeel;teamuitje (ook kandidaat voor representatiekosten)
Verzekeringen;4045;Verzekeringen personeel;verzekering
Verzekeringen;4045;Verzekeringen personeel;verzekeringen
Verzekeringen;4045;Verzekeringen personeel;verzekeringspremie
Verzekeringen;4045;Verzekeringen personeel;premie
Verzekeringen;4045;Verzekeringen personeel;polis
Verzekeringen;4045;Verzekeringen personeel;poliskosten
Verzekeringen;4045;Verzekeringen personeel;aansprakelijkheidsverzekering
Verzekeringen;4045;Verzekeringen personeel;avb
Verzekeringen;4045;Verzekeringen personeel;bedrijfsaansprakelijkheid
Verzekeringen;4045;Verzekeringen personeel;rechtsbijstandverzekering
Verzekeringen;4045;Verzekeringen personeel;juridische verzekering
Verzekeringen;4045;Verzekeringen personeel;inventarisverzekering
Verzekeringen;4045;Verzekeringen personeel;opstalverzekering
Verzekeringen;4045;Verzekeringen personeel;gebouwenverzekering
Verzekeringen;4045;Verzekeringen personeel;brandverzekering
Verzekeringen;4045;Verzekeringen personeel;inboedelverzekering zakelijk
Verzekeringen;4045;Verzekeringen personeel;arbeidsongeschiktheidsverzekering
Verzekeringen;4045;Verzekeringen personeel;aov
Verzekeringen;4045;Verzekeringen personeel;verzuimverzekering
Verzekeringen;4045;Verzekeringen personeel;ziektegeldverzekering
Verzekeringen;4045;Verzekeringen personeel;autoverzekering
Verzekeringen;4045;Verzekeringen personeel;wagenparkverzekering
Verzekeringen;4045;Verzekeringen personeel;cascoverzekering
Verzekeringen;4045;Verzekeringen personeel;allrisk
Verzekeringen;4045;Verzekeringen personeel;wa‑verzekering (voor auto of bestelbus)
Verzekeringen;4120;Verzekeringen gebouwen;verzekering
Verzekeringen;4120;Verzekeringen gebouwen;verzekeringen
Verzekeringen;4120;Verzekeringen gebouwen;verzekeringspremie
Verzekeringen;4120;Verzekeringen gebouwen;premie
Verzekeringen;4120;Verzekeringen gebouwen;polis
Verzekeringen;4120;Verzekeringen gebouwen;poliskosten
Verzekeringen;4120;Verzekeringen gebouwen;aansprakelijkheidsverzekering
Verzekeringen;4120;Verzekeringen gebouwen;avb
Verzekeringen;4120;Verzekeringen gebouwen;bedrijfsaansprakelijkheid
Verzekeringen;4120;Verzekeringen gebouwen;rechtsbijstandverzekering
Verzekeringen;4120;Verzekeringen gebouwen;juridische verzekering
Verzekeringen;4120;Verzekeringen gebouwen;inventarisverzekering
Verzekeringen;4120;Verzekeringen gebouwen;opstalverzekering
Verzekeringen;4120;Verzekeringen gebouwen;gebouwenverzekering
Verzekeringen;4120;Verzekeringen gebouwen;brandverzekering
Verzekeringen;4120;Verzekeringen gebouwen;inboedelverzekering zakelijk
Verzekeringen;4120;Verzekeringen gebouwen;arbeidsongeschiktheidsverzekering
Verzekeringen;4120;Verzekeringen gebouwen;aov
Verzekeringen;4120;Verzekeringen gebouwen;verzuimverzekering
Verzekeringen;4120;Verzekeringen gebouwen;ziektegeldverzekering
Verzekeringen;4120;Verzekeringen gebouwen;autoverzekering
Verzekeringen;4120;Verzekeringen gebouwen;wagenparkverzekering
Verzekeringen;4120;Verzekeringen gebouwen;cascoverzekering
Verzekeringen;4120;Verzekeringen gebouwen;allrisk
Verzekeringen;4120;Verzekeringen gebouwen;wa‑verzekering (voor auto of bestelbus)
Verzekeringen;4220;Verzekeringen machines en installaties;verzekering
Verzekeringen;4220;Verzekeringen machines en installaties;verzekeringen
Verzekeringen;4220;Verzekeringen machines en installaties;verzekeringspremie
Verzekeringen;4220;Verzekeringen machines en installaties;premie
Verzekeringen;4220;Verzekeringen machines en installaties;polis
Verzekeringen;4220;Verzekeringen machines en installaties;poliskosten
Verzekeringen;4220;Verzekeringen machines en installaties;aansprakelijkheidsverzekering
Verzekeringen;4220;Verzekeringen machines en installaties;avb
Verzekeringen;4220;Verzekeringen machines en installaties;bedrijfsaansprakelijkheid
Verzekeringen;4220;Verzekeringen machines en installaties;rechtsbijstandverzekering
Verzekeringen;4220;Verzekeringen machines en installaties;juridische verzekering
Verzekeringen;4220;Verzekeringen machines en installaties;inventarisverzekering
Verzekeringen;4220;Verzekeringen machines en installaties;opstalverzekering
Verzekeringen;4220;Verzekeringen machines en installaties;gebouwenverzekering
Verzekeringen;4220;Verzekeringen machines en installaties;brandverzekering
Verzekeringen;4220;Verzekeringen machines en installaties;inboedelverzekering zakelijk
Verzekeringen;4220;Verzekeringen machines en installaties;arbeidsongeschiktheidsverzekering
Verzekeringen;4220;Verzekeringen machines en installaties;aov
Verzekeringen;4220;Verzekeringen machines en installaties;verzuimverzekering
Verzekeringen;4220;Verzekeringen machines en installaties;ziektegeldverzekering
Verzekeringen;4220;Verzekeringen machines en installaties;autoverzekering
Verzekeringen;4220;Verzekeringen machines en installaties;wagenparkverzekering
Verzekeringen;4220;Verzekeringen machines en installaties;cascoverzekering
Verzekeringen;4220;Verzekeringen machines en installaties;allrisk
Verzekeringen;4220;Verzekeringen machines en installaties;wa‑verzekering (voor auto of bestelbus)
Verzekeringen;4420;Verzekeringen vervoermiddelen;verzekering
Verzekeringen;4420;Verzekeringen vervoermiddelen;verzekeringen
Verzekeringen;4420;Verzekeringen vervoermiddelen;verzekeringspremie
Verzekeringen;4420;Verzekeringen vervoermiddelen;premie
Verzekeringen;4420;Verzekeringen vervoermiddelen;polis
Verzekeringen;4420;Verzekeringen vervoermiddelen;poliskosten
Verzekeringen;4420;Verzekeringen vervoermiddelen;aansprakelijkheidsverzekering
Verzekeringen;4420;Verzekeringen vervoermiddelen;avb
Verzekeringen;4420;Verzekeringen vervoermiddelen;bedrijfsaansprakelijkheid
Verzekeringen;4420;Verzekeringen vervoermiddelen;rechtsbijstandverzekering
Verzekeringen;4420;Verzekeringen vervoermiddelen;juridische verzekering
Verzekeringen;4420;Verzekeringen vervoermiddelen;inventarisverzekering
Verzekeringen;4420;Verzekeringen vervoermiddelen;opstalverzekering
Verzekeringen;4420;Verzekeringen vervoermiddelen;gebouwenverzekering
Verzekeringen;4420;Verzekeringen vervoermiddelen;brandverzekering
Verzekeringen;4420;Verzekeringen vervoermiddelen;inboedelverzekering zakelijk
Verzekeringen;4420;Verzekeringen vervoermiddelen;arbeidsongeschiktheidsverzekering
Verzekeringen;4420;Verzekeringen vervoermiddelen;aov
Verzekeringen;4420;Verzekeringen vervoermiddelen;verzuimverzekering
Verzekeringen;4420;Verzekeringen vervoermiddelen;ziektegeldverzekering
Verzekeringen;4420;Verzekeringen vervoermiddelen;autoverzekering
Verzekeringen;4420;Verzekeringen vervoermiddelen;wagenparkverzekering
Verzekeringen;4420;Verzekeringen vervoermiddelen;cascoverzekering
Verzekeringen;4420;Verzekeringen vervoermiddelen;allrisk
Verzekeringen;4420;Verzekeringen vervoermiddelen;wa‑verzekering (voor auto of bestelbus)
Verzekeringen;4820;Verzekeringen;verzekering
Verzekeringen;4820;Verzekeringen;verzekeringen
Verzekeringen;4820;Verzekeringen;verzekeringspremie
Verzekeringen;4820;Verzekeringen;premie
Verzekeringen;4820;Verzekeringen;polis
Verzekeringen;4820;Verzekeringen;poliskosten
Verzekeringen;4820;Verzekeringen;aansprakelijkheidsverzekering
Verzekeringen;4820;Verzekeringen;avb
Verzekeringen;4820;Verzekeringen;bedrijfsaansprakelijkheid
Verzekeringen;4820;Verzekeringen;rechtsbijstandverzekering
Verzekeringen;4820;Verzekeringen;juridische verzekering
Verzekeringen;4820;Verzekeringen;inventarisverzekering
Verzekeringen;4820;Verzekeringen;opstalverzekering
Verzekeringen;4820;Verzekeringen;gebouwenverzekering
Verzekeringen;4820;Verzekeringen;brandverzekering
Verzekeringen;4820;Verzekeringen;inboedelverzekering zakelijk
Verzekeringen;4820;Verzekeringen;arbeidsongeschiktheidsverzekering
Verzekeringen;4820;Verzekeringen;aov
Verzekeringen;4820;Verzekeringen;verzuimverzekering
Verzekeringen;4820;Verzekeringen;ziektegeldverzekering
Verzekeringen;4820;Verzekeringen;autoverzekering
Verzekeringen;4820;Verzekeringen;wagenparkverzekering
Verzekeringen;4820;Verzekeringen;cascoverzekering
Verzekeringen;4820;Verzekeringen;allrisk
Verzekeringen;4820;Verzekeringen;wa‑verzekering (voor auto of bestelbus)
Bankkosten en rente;4900;Rente en kosten bank;bankkosten
Bankkosten en rente;4900;Rente en kosten bank;kosten bank
Bankkosten en rente;4900;Rente en kosten bank;bankkostenrekening
Bankkosten en rente;4900;Rente en kosten bank;transactiekosten
Bankkosten en rente;4900;Rente en kosten bank;boekingskosten
Bankkosten en rente;4900;Rente en kosten bank;afschriftkosten
Bankkosten en rente;4900;Rente en kosten bank;pin‑kosten
Bankkosten en rente;4900;Rente en kosten bank;pintransacties
Bankkosten en rente;4900;Rente en kosten bank;betaalpas
Bankkosten en rente;4900;Rente en kosten bank;creditcardkosten
Bankkosten en rente;4900;Rente en kosten bank;incassokosten
Bankkosten en rente;4900;Rente en kosten bank;storno‑kosten
Bankkosten en rente;4900;Rente en kosten bank;chargeback
Bankkosten en rente;4900;Rente en kosten bank;abonnementskosten bank
Bankkosten en rente;4900;Rente en kosten bank;pakketkosten bank
Bankkosten en rente;4900;Rente en kosten bank;kosten zakelijke rekening
Bankkosten en rente;4900;Rente en kosten bank;rente bank
Bankkosten en rente;4900;Rente en kosten bank;debetrente
Bankkosten en rente;4900;Rente en kosten bank;kredietrente
Bankkosten en rente;4900;Rente en kosten bank;rente rekening courant
Bankkosten en rente;4900;Rente en kosten bank;rente rc
Bankkosten en rente;4900;Rente en kosten bank;wisselkoersverschil bank
Bankkosten en rente;4900;Rente en kosten bank;koersverschil bij betaling
Representatiekosten;4520;Representatiekosten;representatiekosten
Representatiekosten;4520;Representatiekosten;representatie
Representatiekosten;4520;Representatiekosten;relatiebeheer
Representatiekosten;4520;Representatiekosten;klantenentertainment
Representatiekosten;4520;Representatiekosten;klantentertainment
Representatiekosten;4520;Representatiekosten;diner met klant
Representatiekosten;4520;Representatiekosten;zakenlunch
Representatiekosten;4520;Representatiekosten;zakelijk etentje
Representatiekosten;4520;Representatiekosten;borrel met klant
Representatiekosten;4520;Representatiekosten;netwerkborrel
Representatiekosten;4520;Representatiekosten;netwerkbijeenkomst
Representatiekosten;4520;Representatiekosten;congres
Representatiekosten;4520;Representatiekosten;seminar
Representatiekosten;4520;Representatiekosten;congresbezoek
Representatiekosten;4520;Representatiekosten;seminarbezoek
Representatiekosten;4520;Representatiekosten;beursbezoek
Representatiekosten;4520;Representatiekosten;event
Representatiekosten;4520;Representatiekosten;evenementen
Representatiekosten;4520;Representatiekosten;relatiegeschenken
Representatiekosten;4520;Representatiekosten;relatiegeschenk
Representatiekosten;4520;Representatiekosten;geschenken klanten
Representatiekosten;4520;Representatiekosten;kerstgeschenken voor relaties
Representatiekosten;4520;Representatiekosten;openingsfeest
Representatiekosten;4520;Representatiekosten;jubileumfeest met relaties
Representatiekosten;4520;Representatiekosten;bedrijfsfeest met klanten
Reis‑ en verblijfkosten (niet‑auto);4540;Reis- en verblijfkosten;reis‑ en verblijfkosten
Reis‑ en verblijfkosten (niet‑auto);4540;Reis- en verblijfkosten;zakenreis
Reis‑ en verblijfkosten (niet‑auto);4540;Reis- en verblijfkosten;business trip
Reis‑ en verblijfkosten (niet‑auto);4540;Reis- en verblijfkosten;dienstreis
Reis‑ en verblijfkosten (niet‑auto);4540;Reis- en verblijfkosten;zakenreizen
Reis‑ en verblijfkosten (niet‑auto);4540;Reis- en verblijfkosten;hotel
Reis‑ en verblijfkosten (niet‑auto);4540;Reis- en verblijfkosten;overnachting
Reis‑ en verblijfkosten (niet‑auto);4540;Reis- en verblijfkosten;overnachtingen
Reis‑ en verblijfkosten (niet‑auto);4540;Reis- en verblijfkosten;b&b
Reis‑ en verblijfkosten (niet‑auto);4540;Reis- en verblijfkosten;airbnb (zakelijk)
Reis‑ en verblijfkosten (niet‑auto);4540;Reis- en verblijfkosten;logies
Reis‑ en verblijfkosten (niet‑auto);4540;Reis- en verblijfkosten;logieskosten
Reis‑ en verblijfkosten (niet‑auto);4540;Reis- en verblijfkosten;vliegticket
Reis‑ en verblijfkosten (niet‑auto);4540;Reis- en verblijfkosten;vliegtickets
Reis‑ en verblijfkosten (niet‑auto);4540;Reis- en verblijfkosten;vlucht
Reis‑ en verblijfkosten (niet‑auto);4540;Reis- en verblijfkosten;airline
Reis‑ en verblijfkosten (niet‑auto);4540;Reis- en verblijfkosten;bagagekosten
Reis‑ en verblijfkosten (niet‑auto);4540;Reis- en verblijfkosten;luchthavenbelasting
Reis‑ en verblijfkosten (niet‑auto);4540;Reis- en verblijfkosten;airport tax
Reis‑ en verblijfkosten (niet‑auto);4540;Reis- en verblijfkosten;taxi
Reis‑ en verblijfkosten (niet‑auto);4540;Reis- en verblijfkosten;uber
Reis‑ en verblijfkosten (niet‑auto);4540;Reis- en verblijfkosten;bolt
Reis‑ en verblijfkosten (niet‑auto);4540;Reis- en verblijfkosten;huurauto
Reis‑ en verblijfkosten (niet‑auto);4540;Reis- en verblijfkosten;rental car
Reis‑ en verblijfkosten (niet‑auto);4540;Reis- en verblijfkosten;huurauto buitenland
Reis‑ en verblijfkosten (niet‑auto);4540;Reis- en verblijfkosten;trein
Reis‑ en verblijfkosten (niet‑auto);4540;Reis- en verblijfkosten;ns
Reis‑ en verblijfkosten (niet‑auto);4540;Reis- en verblijfkosten;metro
Reis‑ en verblijfkosten (niet‑auto);4540;Reis- en verblijfkosten;tram
Reis‑ en verblijfkosten (niet‑auto);4540;Reis- en verblijfkosten;bus
Reis‑ en verblijfkosten (niet‑auto);4540;Reis- en verblijfkosten;ov‑kosten
Reis‑ en verblijfkosten (niet‑auto);4540;Reis- en verblijfkosten;ov‑kaart
Reis‑ en verblijfkosten (niet‑auto);4540;Reis- en verblijfkosten;ov‑abonnement
Reis‑ en verblijfkosten (niet‑auto);4540;Reis- en verblijfkosten;dagvergoeding buitenland
Reis‑ en verblijfkosten (niet‑auto);4540;Reis- en verblijfkosten;per diem
Reis‑ en verblijfkosten (niet‑auto);4540;Reis- en verblijfkosten;daggeld
Reis‑ en verblijfkosten (niet‑auto);4540;Reis- en verblijfkosten;verblijfskostenvergoeding
