Finny_GLCode;Finny_GLDescription;BalanceTypeCode;BalanceTypeDescription;GLAccountClass_01;GLAccClassDesc_01Description;RGS_Referentiecode;RGS_Referentienummer;RGS_OmschrijvingKort;RGS_Omschrijving;RGS_DC;RGS_Nivo
100;Goodwill;B;Balans;BIva;Immateriële vaste activa;BIvaGoo;107000;Goodwill;Goodwill;D;3
111;Cumulatieve afschrijving goodwill;B;Balans;BIva;Immateriële vaste activa;BIvaGoo;107000;Goodwill;Goodwill;D;3
200;Gebouwen;B;Balans;BMva;Immateriële vaste activa;;;;;;
205;Grond;B;Balans;BMva;Immateriële vaste activa;;;;;;
211;Cumulatieve afschrijvingen gebouwen;B;Balans;BMva;Immateriële vaste activa;;;;;;
240;Machines en installaties;B;Balans;BMva;Immateriële vaste activa;BMvaMei;210000;Machines en installaties;Machines en installaties;D;3
241;Cumulatieve afschrijvingen machines en installaties;B;Balans;BMva;Immateriële vaste activa;;;;;;
250;Bedrijfsinventaris;B;Balans;BMva;Immateriële vaste activa;BMvaBei;215000;Inventaris;Inventaris;D;3
251;Cumulatieve afschrijvingen bedrijfsinventaris;B;Balans;BMva;Immateriële vaste activa;;;;;;
255;Bedrijfsinventaris 2;B;Balans;BMva;Immateriële vaste activa;BMvaBei;215000;Inventaris;Inventaris;D;3
256;Cumulatieve afschrijvingen bedrijfsinventaris 2;B;Balans;BMva;Immateriële vaste activa;;;;;;
260;Vervoermiddelen;B;Balans;BMva;Immateriële vaste activa;;;;;;
261;Cumulatieve afschrijvingen vervoermiddelen;B;Balans;BMva;Immateriële vaste activa;;;;;;
290;Herwaardering activa;B;Balans;BMva;Immateriële vaste activa;;;;;;
300;Waarborgsommen;B;Balans;BVor;Vorderingen;;;;;;
500;Deelneming 1;B;Balans;BFva;Financiële vaste activa;;;;;;
510;Deelneming 2;B;Balans;BFva;Financiële vaste activa;;;;;;
520;Deelneming 3;B;Balans;BFva;Financiële vaste activa;;;;;;
530;Deelneming 4;B;Balans;BFva;Financiële vaste activa;;;;;;
540;Deelneming 5;B;Balans;BFva;Financiële vaste activa;;;;;;
550;Actieve belastinglatentie;B;Balans;BFva;Financiële vaste activa;;;;;;
560;Lening u/g 1;B;Balans;BFva;Financiële vaste activa;;;;;;
561;Lening u/g 2;B;Balans;BFva;Financiële vaste activa;;;;;;
562;Lening u/g 3;B;Balans;BFva;Financiële vaste activa;;;;;;
563;Lening u/g 4;B;Balans;BFva;Financiële vaste activa;;;;;;
564;Lening u/g 5;B;Balans;BFva;Financiële vaste activa;;;;;;
600;Effecten;B;Balans;BEff;Effecten (kortlopend);;;;;;
700;Aandelenkapitaal;B;Balans;BEiv;Groepsvermogen - Eigen vermogen - Kapitaal;;;;;;
710;Agioreserve;B;Balans;BEiv;Groepsvermogen - Eigen vermogen - Kapitaal;BEivAgiAgi;502010;Agioreserve;Agioreserve agio;C;4
720;Herwaarderingsreserve;B;Balans;BEiv;Groepsvermogen - Eigen vermogen - Kapitaal;BEivHerHew;503010;Herwaarderingsreserve;Herwaardering herwaarderingsreserves;C;4
721;Wettelijke reserve;B;Balans;BEiv;Groepsvermogen - Eigen vermogen - Kapitaal;;;;;;
750;Overige reserve;B;Balans;BEiv;Groepsvermogen - Eigen vermogen - Kapitaal;;;;;;
751;Onverdeeld resultaat;B;Balans;BEiv;Groepsvermogen - Eigen vermogen - Kapitaal;;;;;;
760;Kapitaal vennoot 1;B;Balans;BEiv;Groepsvermogen - Eigen vermogen - Kapitaal;BEivSev;509049;Kapitaal;Kapitaal;C;3
765;Kapitaalmutaties vennoot 1;B;Balans;BEiv;Groepsvermogen - Eigen vermogen - Kapitaal;;;;;;
770;Kapitaal vennoot 2;B;Balans;BEiv;Groepsvermogen - Eigen vermogen - Kapitaal;BEivSev;509049;Kapitaal;Kapitaal;C;3
775;Kapitaalmutaties vennoot 2;B;Balans;BEiv;Groepsvermogen - Eigen vermogen - Kapitaal;;;;;;
780;Kapitaal vennoot 3;B;Balans;BEiv;Groepsvermogen - Eigen vermogen - Kapitaal;BEivSev;509049;Kapitaal;Kapitaal;C;3
785;Kapitaalmutaties vennoot 3;B;Balans;BEiv;Groepsvermogen - Eigen vermogen - Kapitaal;;;;;;
800;Pensioenvoorziening;B;Balans;BVrz;Voorzieningen;;;;;;
801;Garantievoorziening;B;Balans;BVrz;Voorzieningen;BVrzOvzGar;704010;Garantievoorziening;Garantievoorziening ;C;4
802;Voorziening groot onderhoud;B;Balans;BVrz;Voorzieningen;;;;;;
803;Voorziening belastinglatentie;B;Balans;BVrz;Voorzieningen;;;;;;
850;Voorziening deelneming 1;B;Balans;BVrz;Voorzieningen;BVrzOvzVid;704080;Voorziening in verband met deelnemingen;Voorziening in verband met deelnemingen ;C;4
860;Voorziening deelneming 2;B;Balans;BVrz;Voorzieningen;;;;;;
870;Voorziening deelneming 3;B;Balans;BVrz;Voorzieningen;;;;;;
880;Voorziening deelneming 4;B;Balans;BVrz;Voorzieningen;;;;;;
890;Voorziening deelneming 5;B;Balans;BVrz;Voorzieningen;;;;;;
900;Hypothecaire lening 1;B;Balans;BLas;Langlopende schulden;;;;;;
901;Cumulatieve aflossingen hypothecaire lening 1;B;Balans;BLas;Langlopende schulden;;;;;;
902;Hypothecaire lening 2;B;Balans;BLas;Langlopende schulden;;;;;;
903;Cumulatieve aflossingen hypothecaire lening 2;B;Balans;BLas;Langlopende schulden;;;;;;
904;Hypothecaire lening 3;B;Balans;BLas;Langlopende schulden;;;;;;
905;Cumulatieve aflossingen hypothecaire lening 3;B;Balans;BLas;Langlopende schulden;;;;;;
906;Hypothecaire lening 4;B;Balans;BLas;Langlopende schulden;;;;;;
907;Cumulatieve aflossingen hypothecaire lening 4;B;Balans;BLas;Langlopende schulden;;;;;;
908;Hypothecaire lening 5;B;Balans;BLas;Langlopende schulden;;;;;;
909;Cumulatieve aflossingen hypothecaire lening 5;B;Balans;BLas;Langlopende schulden;;;;;;
920;Lening o/g 1;B;Balans;BLas;Langlopende schulden;;;;;;
921;Cumulatieve aflossingen lening o/g 1;B;Balans;BLas;Langlopende schulden;;;;;;
922;Lening o/g 2;B;Balans;BLas;Langlopende schulden;;;;;;
923;Cumulatieve aflossingen lening o/g 2;B;Balans;BLas;Langlopende schulden;;;;;;
924;Lening o/g 3;B;Balans;BLas;Langlopende schulden;;;;;;
925;Cumulatieve aflossingen lening o/g 3;B;Balans;BLas;Langlopende schulden;;;;;;
926;Lening o/g 4;B;Balans;BLas;Langlopende schulden;;;;;;
927;Cumulatieve aflossingen lening o/g 4;B;Balans;BLas;Langlopende schulden;;;;;;
928;Lening o/g 5;B;Balans;BLas;Langlopende schulden;;;;;;
929;Cumulatieve aflossingen lening o/g 5;B;Balans;BLas;Langlopende schulden;;;;;;
940;Reserve Uitgesteld Salaris;B;Balans;BSch;Kortlopende schulden;;;;;;
960;Lease 1;B;Balans;BLas;Langlopende schulden;;;;;;
961;Aflossingen lease 1;B;Balans;BLas;Langlopende schulden;;;;;;
962;Lease 2;B;Balans;BLas;Langlopende schulden;;;;;;
963;Aflossingen lease 2;B;Balans;BLas;Langlopende schulden;;;;;;
964;Lease 3;B;Balans;BLas;Langlopende schulden;;;;;;
965;Aflossingen lease  3;B;Balans;BLas;Langlopende schulden;;;;;;
966;Lease 4;B;Balans;BLas;Langlopende schulden;;;;;;
967;Aflossingen lease 4;B;Balans;BLas;Langlopende schulden;;;;;;
968;Lease 5;B;Balans;BLas;Langlopende schulden;;;;;;
969;Aflossingen lease 5;B;Balans;BLas;Langlopende schulden;;;;;;
980;Geactiveerde rente lease;B;Balans;BVor;Vorderingen;;;;;;
1000;Kas 1;B;Balans;BLim;Liquide middelen;BLimKasKas;1001010;Kas;Kas kasmiddelen;D;4
1010;Kas 2;B;Balans;BLim;Liquide middelen;BLimKasKas;1001010;Kas;Kas kasmiddelen;D;4
1100;Bank 1;B;Balans;BLim;Liquide middelen;;;;;;
1110;Bank 2;B;Balans;BLim;Liquide middelen;;;;;;
1120;Bank 3;B;Balans;BLim;Liquide middelen;;;;;;
1130;Bank 4;B;Balans;BLim;Liquide middelen;;;;;;
1140;Bank 5;B;Balans;BLim;Liquide middelen;;;;;;
1150;Bank 6;B;Balans;BLim;Liquide middelen;;;;;;
1160;Bank 7;B;Balans;BLim;Liquide middelen;;;;;;
1170;Bank 8;B;Balans;BLim;Liquide middelen;;;;;;
1180;Bank 9;B;Balans;BLim;Liquide middelen;;;;;;
1190;Bank 10;B;Balans;BLim;Liquide middelen;;;;;;
1300;Debiteuren;B;Balans;BVor;Vorderingen;;;;;;
1310;Debiteuren zonder sub;B;Balans;BVor;Vorderingen;;;;;;
1320;Voorziening dubieuze debiteuren;B;Balans;BVor;Vorderingen;WBedVkkDvd;4203160;Dotatie voorziening dubieuze debiteuren;Dotatie voorziening dubieuze debiteuren verkoop gerelateerde kosten;D;4
1400;Rekening-courant groepsmaatschappijen 1;B;Balans;BVor;Vorderingen;;;;;;
1405;Rekening-courant groepsmaatschappijen 2;B;Balans;BVor;Vorderingen;;;;;;
1410;Rekening-courant groepsmaatschappijen 3;B;Balans;BVor;Vorderingen;;;;;;
1415;Rekening-courant groepsmaatschappijen 4;B;Balans;BVor;Vorderingen;;;;;;
1420;Rekening-courant groepsmaatschappijen 5;B;Balans;BVor;Vorderingen;;;;;;
1425;Rekening-courant groepsmaatschappijen 6;B;Balans;BVor;Vorderingen;;;;;;
1430;Rekening-courant groepsmaatschappijen 7;B;Balans;BVor;Vorderingen;;;;;;
1435;Rekening-courant groepsmaatschappijen 8;B;Balans;BVor;Vorderingen;;;;;;
1440;Rekening-courant groepsmaatschappijen 9;B;Balans;BVor;Vorderingen;;;;;;
1445;Rekening-courant groepsmaatschappijen 10;B;Balans;BVor;Vorderingen;;;;;;
1450;Rekening-courant participanten;B;Balans;BVor;Vorderingen;;;;;;
1460;Rekening-courant directie 1;B;Balans;BVor;Vorderingen;WWfaBwvFvaRcd;8405070;Rekening-courant directie;Rekening-courant directie;D;5
1461;Rekening-courant directie 2;B;Balans;BVor;Vorderingen;WWfaBwvFvaRcd;8405070;Rekening-courant directie;Rekening-courant directie;D;5
1490;Vraagposten;B;Balans;BSch;Kortlopende schulden;;;;;;
1500;Af te dragen BTW hoog;B;Balans;BSch;Kortlopende schulden;;;;;;
1510;Af te dragen BTW laag;B;Balans;BSch;Kortlopende schulden;;;;;;
1520;Af te dragen BTW verwerving goederen buiten EU;B;Balans;BSch;Kortlopende schulden;;;;;;
1530;Af te dragen BTW verwerving goederen binnen EU;B;Balans;BSch;Kortlopende schulden;;;;;;
1540;BTW prive-gebruik;B;Balans;BSch;Kortlopende schulden;;;;;;
1550;Te vorderen BTW;B;Balans;BVor;Vorderingen;;;;;;
1560;BTW verlegd;B;Balans;BVor;Vorderingen;;;;;;
1570;BTW overige tarieven;B;Balans;BVor;Vorderingen;;;;;;
1590;BTW balanspost;B;Balans;BSch;Kortlopende schulden;B;;BALANS;BALANS;;1
1700;Loonheffingen;B;Balans;BSch;Kortlopende schulden;WBedAdlHef;4210010;Heffingen;Heffingen administratieve lasten;D;4
1710;Sociale lasten;B;Balans;BSch;Kortlopende schulden;WPerSol;4002000;Sociale lasten;Sociale lasten;D;3
1720;Pensioenpremies;B;Balans;BSch;Kortlopende schulden;;;;;;
1725;Vakantiefondsafdracht;B;Balans;BSch;Kortlopende schulden;;;;;;
1730;Reservering vakantiegeld;B;Balans;BSch;Kortlopende schulden;;;;;;
1731;Reservering 2;B;Balans;BSch;Kortlopende schulden;;;;;;
1732;Reservering 3;B;Balans;BSch;Kortlopende schulden;;;;;;
1733;Reservering 4;B;Balans;BSch;Kortlopende schulden;;;;;;
1740;Reservering vakantiedagen;B;Balans;BSch;Kortlopende schulden;BSchSalTbv;1204050;Reservering vakantiedagen;Reservering vakantiedagen overige schulden;C;4
1800;Vennootschapsbelasting;B;Balans;BSch;Kortlopende schulden;;;;;;
1810;Dividendbelasting;B;Balans;BSch;Kortlopende schulden;;;;;;
1900;Nog te ontvangen bedragen;B;Balans;BVor;Vorderingen;;;;;;
1910;Vooruitbetaalde bedragen;B;Balans;BVor;Vorderingen;;;;;;
1920;Nog te betalen bedragen;B;Balans;BSch;Kortlopende schulden;;;;;;
1930;Vooruitontvangen bedragen;B;Balans;BSch;Kortlopende schulden;;;;;;
1940;Nog te facturen omzet;B;Balans;BVor;Vorderingen;;;;;;
1950;Vooruitgefactureerde omzet;B;Balans;BSch;Kortlopende schulden;BSchOpaVgo;1210260;Vooruitgefactureerde omzet;Vooruitgefactureerde omzet;C;4
2000;Nettolonen;B;Balans;BSch;Kortlopende schulden;;;;;;
2010;Inhouding Hiaat verzekeringen;B;Balans;BSch;Kortlopende schulden;WRevOolOolVez;8016100.02;Verzekeringen;Verzekeringen;D;5
2200;Kruisposten;B;Balans;BLim;Liquide middelen;BLimKru;1003000;Kruisposten;Kruisposten;D;3
2210;Kruisposten pin;B;Balans;BLim;Liquide middelen;BLimKru;1003000;Kruisposten;Kruisposten;D;3
2220;Kruisposten creditcard;B;Balans;BLim;Liquide middelen;BLimKru;1003000;Kruisposten;Kruisposten;D;3
2230;Kruisposten 1;B;Balans;BLim;Liquide middelen;BLimKru;1003000;Kruisposten;Kruisposten;D;3
2240;Kruisposten 2;B;Balans;BLim;Liquide middelen;BLimKru;1003000;Kruisposten;Kruisposten;D;3
2250;Kruisposten 3;B;Balans;BLim;Liquide middelen;BLimKru;1003000;Kruisposten;Kruisposten;D;3
2260;Kruisposten 4;B;Balans;BLim;Liquide middelen;BLimKru;1003000;Kruisposten;Kruisposten;D;3
2270;Kruisposten 5;B;Balans;BLim;Liquide middelen;BLimKru;1003000;Kruisposten;Kruisposten;D;3
2290;Tussenrekening bank;B;Balans;BLim;Liquide middelen;;;;;;
2300;Personeelskosten;B;Balans;BSch;Kortlopende schulden;;;;;;
2400;Huisvestingskosten;B;Balans;BSch;Kortlopende schulden;;;;;;
2500;Exploitatiekosten;B;Balans;BSch;Kortlopende schulden;;;;;;
2600;Autokosten;B;Balans;BSch;Kortlopende schulden;;;;;;
2700;Verkoopkosten;B;Balans;BSch;Kortlopende schulden;;;;;;
2800;Kantoorkosten;B;Balans;BSch;Kortlopende schulden;WBedKan;4206000;Kantoorkosten;Kantoorkosten;D;3
2900;Algemene kosten;B;Balans;BSch;Kortlopende schulden;WBedAlkOal;4215010;Algemene kosten;Algemene kosten andere kosten;D;4
2990;FinanciÃ«le baten en lasten;B;Balans;BSch;Kortlopende schulden;WFbe;50;FinanciÃ«le baten en lasten;FinanciÃ«le baten en lasten;C;2
3000;Voorraad gereed product 1;B;Balans;BVrd;Voorraden;BVrdGep;3103000;Gereed product;Gereed product;D;3
3010;Voorraad gereed product 2;B;Balans;BVrd;Voorraden;BVrdGep;3103000;Gereed product;Gereed product;D;3
3020;Voorraad gereed product 3;B;Balans;BVrd;Voorraden;BVrdGep;3103000;Gereed product;Gereed product;D;3
3030;Voorraad gereed product 4;B;Balans;BVrd;Voorraden;BVrdGep;3103000;Gereed product;Gereed product;D;3
3040;Voorraad gereed product 5;B;Balans;BVrd;Voorraden;BVrdGep;3103000;Gereed product;Gereed product;D;3
3100;Voorraad handelsgoederen 1;B;Balans;BVrd;Voorraden;BVrdHan;3001000;Handelsgoederen;Handelsgoederen;D;3
3110;Voorraad handelsgoederen 2;B;Balans;BVrd;Voorraden;BVrdHan;3001000;Handelsgoederen;Handelsgoederen;D;3
3120;Voorraad handelsgoederen 3;B;Balans;BVrd;Voorraden;BVrdHan;3001000;Handelsgoederen;Handelsgoederen;D;3
3130;Voorraad handelsgoederen 4;B;Balans;BVrd;Voorraden;BVrdHan;3001000;Handelsgoederen;Handelsgoederen;D;3
3140;Voorraad handelsgoederen 5;B;Balans;BVrd;Voorraden;BVrdHan;3001000;Handelsgoederen;Handelsgoederen;D;3
3150;Voorraad handelsgoederen 6;B;Balans;BVrd;Voorraden;BVrdHan;3001000;Handelsgoederen;Handelsgoederen;D;3
3160;Voorraad handelsgoederen 7;B;Balans;BVrd;Voorraden;BVrdHan;3001000;Handelsgoederen;Handelsgoederen;D;3
3170;Voorraad handelsgoederen 8;B;Balans;BVrd;Voorraden;BVrdHan;3001000;Handelsgoederen;Handelsgoederen;D;3
3180;Voorraad handelsgoederen 9;B;Balans;BVrd;Voorraden;BVrdHan;3001000;Handelsgoederen;Handelsgoederen;D;3
3190;Voorraad handelsgoederen 10;B;Balans;BVrd;Voorraden;BVrdHan;3001000;Handelsgoederen;Handelsgoederen;D;3
3200;Incourante voorraad gereed product;B;Balans;BVrd;Voorraden;BVrdGep;3103000;Gereed product;Gereed product;D;3
3210;Incourante voorraad handelsgoederen;B;Balans;BVrd;Voorraden;BVrdHan;3001000;Handelsgoederen;Handelsgoederen;D;3
3300;Onderhanden werk;B;Balans;BVrd;Voorraden;BVrdOwe;3101000;Onderhanden werk;Onderhanden werk;D;3
3400;Emballage;B;Balans;BVrd;Voorraden;;;;;;
4000;Bruto loon;W;Winst & Verlies;WPer;Lasten uit hoofde van personeelsbeloningen;;;;;;
4001;Overwerktoeslag;W;Winst & Verlies;WPer;Lasten uit hoofde van personeelsbeloningen;WPerLesOwe;4001050;Overwerk;Overwerk lonen en salarissen;D;4
4002;Feestdagentoeslag;W;Winst & Verlies;WPer;Lasten uit hoofde van personeelsbeloningen;;;;;;
4003;Mutatie vakantiegeldreservering;W;Winst & Verlies;WPer;Lasten uit hoofde van personeelsbeloningen;;;;;;
4004;Mutatie vakantiedagenreservering;W;Winst & Verlies;WPer;Lasten uit hoofde van personeelsbeloningen;WPerLesVad;4001080;Vakantiedagen;Vakantiedagen lonen en salarissen;D;4
4005;Bijzondere beloningen;W;Winst & Verlies;WPer;Lasten uit hoofde van personeelsbeloningen;;;;;;
4006;Bijdrage ziektekosten;W;Winst & Verlies;WPer;Lasten uit hoofde van personeelsbeloningen;WPerSolBiz;4002020;Bijdrage ziektekostenverzekering;Bijdrage ziektekostenverzekering sociale lasten;D;4
4007;Ziekengeld;W;Winst & Verlies;WBed;Overige bedrijfskosten;;;;;;
4008;Sociale lasten werkgever;W;Winst & Verlies;WPer;Lasten uit hoofde van personeelsbeloningen;WPerSol;4002000;Sociale lasten;Sociale lasten;D;3
4009;Pensioenpremies;W;Winst & Verlies;WPer;Lasten uit hoofde van personeelsbeloningen;;;;;;
4010;Opbrengsten afdrachtverminderingen;W;Winst & Verlies;WPer;Lasten uit hoofde van personeelsbeloningen;;;;;;
4011;Kosten spaarloon;W;Winst & Verlies;WPer;Lasten uit hoofde van personeelsbeloningen;WPerLesTls;4001110;Spaarloon;Spaarloon lonen en salarissen;D;4
4012;Mutatie pensioenvoorziening;W;Winst & Verlies;WPer;Lasten uit hoofde van personeelsbeloningen;;;;;;
4013;Oprenting reserve uitgesteld salaris;W;Winst & Verlies;WPer;Lasten uit hoofde van personeelsbeloningen;;;;;;
4014;Mutatie reservering 2;W;Winst & Verlies;WPer;Lasten uit hoofde van personeelsbeloningen;;;;;;
4015;Mutatie reservering 3;W;Winst & Verlies;WPer;Lasten uit hoofde van personeelsbeloningen;;;;;;
4016;Mutatie reservering 4;W;Winst & Verlies;WPer;Lasten uit hoofde van personeelsbeloningen;;;;;;
4017;Eindheffingen;W;Winst & Verlies;WPer;Lasten uit hoofde van personeelsbeloningen;WBedAdlHef;4210010;Heffingen;Heffingen administratieve lasten;D;4
4020;Doorbelaste loonkosten 1;W;Winst & Verlies;WBed;Overige bedrijfskosten;;;;;;
4021;Doorbelaste loonkosten 2;W;Winst & Verlies;WBed;Overige bedrijfskosten;;;;;;
4022;Doorbelaste loonkosten 3;W;Winst & Verlies;WBed;Overige bedrijfskosten;;;;;;
4023;Doorbelaste loonkosten 4;W;Winst & Verlies;WBed;Overige bedrijfskosten;;;;;;
4024;Doorbelaste loonkosten 5;W;Winst & Verlies;WBed;Overige bedrijfskosten;;;;;;
4030;Onkostenvergoedingen personeel;W;Winst & Verlies;WBed;Overige bedrijfskosten;;;;;;
4034;Kilometervergoeding personeel;W;Winst & Verlies;WBed;Overige bedrijfskosten;;;;;;
4035;Reiskostenvergoedingen personeel;W;Winst & Verlies;WBed;Overige bedrijfskosten;WBedOvpRkv;4012078;Reiskostenvergoeding;Reiskostenvergoeding;D;4
4036;Onbelaste vergoedingen;W;Winst & Verlies;WBed;Overige bedrijfskosten;;;;;;
4037;Bijdrage leaseauto;W;Winst & Verlies;WBed;Overige bedrijfskosten;;;;;;
4038;Inhouding diversen;W;Winst & Verlies;WBed;Overige bedrijfskosten;;;;;;
4039;Premiekorting;W;Winst & Verlies;WBed;Overige bedrijfskosten;WPerSolOssPkg;4002050.03;Overige sociale lasten premiekortingen;Overige sociale lasten premiekortingen;D;5
4040;Kosten Arbodienst;W;Winst & Verlies;WBed;Overige bedrijfskosten;WBedOvpAbd;4012080;Arbodienst;Arbodienst overige personeelskosten;D;4
4045;Verzekeringen personeel;W;Winst & Verlies;WBed;Overige bedrijfskosten;WRevOolOolVez;8016100.02;Verzekeringen;Verzekeringen;D;5
4050;Kantinekosten;W;Winst & Verlies;WBed;Overige bedrijfskosten;;;;;;
4060;Ziekengeldverzekering;W;Winst & Verlies;WBed;Overige bedrijfskosten;WBedOvpZie;4012100;Ziekengeldverzekering;Ziekengeldverzekering overige personeelskosten;D;4
4070;Opleidingskosten personeel;W;Winst & Verlies;WBed;Overige bedrijfskosten;WBedOvpOpk;4012205;Opleidingskosten;Opleidingskosten;D;4
4075;Bedrijfskleding;W;Winst & Verlies;WBed;Overige bedrijfskosten;;;;;;
4080;Uitzendkrachten;W;Winst & Verlies;WBed;Overige bedrijfskosten;;;;;;
4090;Overige personeelskosten;W;Winst & Verlies;WBed;Overige bedrijfskosten;;;;;;
4095;Werkkostenregeling;W;Winst & Verlies;WBed;Overige bedrijfskosten;WBedWkr;4003999;Werkkostenregeling - detail;Werkkostenregeling - detail;D;3
4120;Verzekeringen gebouwen;W;Winst & Verlies;WBed;Overige bedrijfskosten;WRevOolOolVez;8016100.02;Verzekeringen;Verzekeringen;D;5
4130;Vaste lasten gebouwen;W;Winst & Verlies;WBed;Overige bedrijfskosten;;;;;;
4180;Mutatie voorziening groot onderhoud;W;Winst & Verlies;WBed;Overige bedrijfskosten;;;;;;
4220;Verzekeringen machines en installaties;W;Winst & Verlies;WBed;Overige bedrijfskosten;;;;;;
4400;Motorrijtuigenbelasting;W;Winst & Verlies;WBed;Overige bedrijfskosten;;;;;;
4420;Verzekeringen vervoermiddelen;W;Winst & Verlies;WBed;Overige bedrijfskosten;WRevOolOolVez;8016100.02;Verzekeringen;Verzekeringen;D;5
4450;Boetes vervoermiddelen;W;Winst & Verlies;WBed;Overige bedrijfskosten;;;;;;
4470;Privégebruik auto;W;Winst & Verlies;WBed;Overige bedrijfskosten;;;;;;
4480;Kilometervergoeding;W;Winst & Verlies;WBed;Overige bedrijfskosten;;;;;;
4510;Mutatie voorziening dubieuze debiteuren;W;Winst & Verlies;WBed;Overige bedrijfskosten;;;;;;
4515;Afboeking oninbare debiteuren;W;Winst & Verlies;WBed;Overige bedrijfskosten;;;;;;
4520;Representatiekosten;W;Winst & Verlies;WBed;Overige bedrijfskosten;WBedVkkRep;4203060;Representatiekosten;Representatiekosten verkoop gerelateerde kosten;D;4
4540;Reis- en verblijfkosten;W;Winst & Verlies;WBed;Overige bedrijfskosten;WBedVkkRev;4203070;Reis- en verblijfkosten;Reis- en verblijfkosten verkoop gerelateerde kosten;D;4
4550;Giften / sponsering;W;Winst & Verlies;WBed;Overige bedrijfskosten;;;;;;
4570;Kleine ondernemersregeling;W;Winst & Verlies;WBed;Overige bedrijfskosten;;;;;;
4575;Kasverschillen;W;Winst & Verlies;WBed;Overige bedrijfskosten;WBedAdlKav;4210030;Kasverschillen;Kasverschillen administratieve lasten;D;4
4580;Betalingskortingen;W;Winst & Verlies;WKpr;Kostprijs van de omzet;WKprBtk;7008000;Betalingskortingen;Betalingskortingen;D;3
4585;Koersverschillen;W;Winst & Verlies;WFbe;Financiële baten en lasten;;;;;;
4700;Afschrijvingskosten goodwill;W;Winst & Verlies;WAfs;Afschrijvingen op immateriële en materiële vaste activa;BIvaGoo;107000;Goodwill;Goodwill;D;3
4710;Afschrijvingskosten gebouwen;W;Winst & Verlies;WAfs;Afschrijvingen op immateriële en materiële vaste activa;;;;;;
4720;Afschrijvingskosten machines en installaties;W;Winst & Verlies;WAfs;Afschrijvingen op immateriële en materiële vaste activa;BMvaMei;210000;Machines en installaties;Machines en installaties;D;3
4730;Afschrijvingskosten bedrijfsinventaris;W;Winst & Verlies;WAfs;Afschrijvingen op immateriële en materiële vaste activa;BMvaBei;215000;Inventaris;Inventaris;D;3
4760;Afschrijvingskosten vervoermiddelen;W;Winst & Verlies;WAfs;Afschrijvingen op immateriële en materiële vaste activa;;;;;;
4790;Boekwinst -verlies;W;Winst & Verlies;WAfs;Afschrijvingen op immateriële en materiële vaste activa;;;;;;
4820;Verzekeringen;W;Winst & Verlies;WBed;Overige bedrijfskosten;WRevOolOolVez;8016100.02;Verzekeringen;Verzekeringen;D;5
4900;Rente en kosten bank;W;Winst & Verlies;WFbe;Financiële baten en lasten;WFbeOrlRkb;8406050;Rente en kosten bank;Rente en kosten bank;D;4
4901;Rente en kosten Belastingdienst;W;Winst & Verlies;WFbe;Financiële baten en lasten;;;;;;
4902;Rente Reserve Uitgesteld Salaris;W;Winst & Verlies;WFbe;Financiële baten en lasten;;;;;;
4903;Rente spaarrekening;W;Winst & Verlies;WFbe;Financiële baten en lasten;;;;;;
4904;Koersresultaat effecten;W;Winst & Verlies;WOvt;Opbrengst van vorderingen die tot de vaste activa behoren en van effecten;;;;;;
4905;Boetes belastingdienst;W;Winst & Verlies;WBed;Overige bedrijfskosten;;;;;;
4910;Rente rekening-courant directie 1;W;Winst & Verlies;WWfa;Waardeveranderingen van financiële vaste activa en van effecten;;;;;;
4911;Rente rekening-courant directie 2;W;Winst & Verlies;WWfa;Waardeveranderingen van financiële vaste activa en van effecten;;;;;;
4920;Rente lening u/g 1;W;Winst & Verlies;WOvt;Opbrengst van vorderingen die tot de vaste activa behoren en van effecten;;;;;;
4921;Rente lening u/g 2;W;Winst & Verlies;WOvt;Opbrengst van vorderingen die tot de vaste activa behoren en van effecten;;;;;;
4922;Rente lening u/g 3;W;Winst & Verlies;WOvt;Opbrengst van vorderingen die tot de vaste activa behoren en van effecten;;;;;;
4923;Rente lening u/g 4;W;Winst & Verlies;WOvt;Opbrengst van vorderingen die tot de vaste activa behoren en van effecten;;;;;;
4924;Rente lening u/g 5;W;Winst & Verlies;WOvt;Opbrengst van vorderingen die tot de vaste activa behoren en van effecten;;;;;;
4950;Rente rekening-courant groepsmaatschappijen 1;W;Winst & Verlies;WFbe;Financiële baten en lasten;;;;;;
4951;Rente rekening-courant groepsmaatschappijen 2;W;Winst & Verlies;WFbe;Financiële baten en lasten;;;;;;
4952;Rente rekening-courant groepsmaatschappijen 3;W;Winst & Verlies;WFbe;Financiële baten en lasten;;;;;;
4953;Rente rekening-courant groepsmaatschappijen 4;W;Winst & Verlies;WFbe;Financiële baten en lasten;;;;;;
4954;Rente rekening-courant groepsmaatschappijen 5;W;Winst & Verlies;WFbe;Financiële baten en lasten;;;;;;
4960;Rente hypothecaire lening 1;W;Winst & Verlies;WFbe;Financiële baten en lasten;;;;;;
4961;Rente hypothecaire lening 2;W;Winst & Verlies;WFbe;Financiële baten en lasten;;;;;;
4962;Rente hypothecaire lening 3;W;Winst & Verlies;WFbe;Financiële baten en lasten;;;;;;
4963;Rente hypothecaire lening 4;W;Winst & Verlies;WFbe;Financiële baten en lasten;;;;;;
4964;Rente hypothecaire lening 5;W;Winst & Verlies;WFbe;Financiële baten en lasten;;;;;;
4970;Rente lening o/g 1;W;Winst & Verlies;WFbe;Financiële baten en lasten;;;;;;
4971;Rente lening o/g 2;W;Winst & Verlies;WFbe;Financiële baten en lasten;;;;;;
4972;Rente lening o/g 3;W;Winst & Verlies;WFbe;Financiële baten en lasten;;;;;;
4973;Rente lening o/g 4;W;Winst & Verlies;WFbe;Financiële baten en lasten;;;;;;
4974;Rente lening o/g 5;W;Winst & Verlies;WFbe;Financiële baten en lasten;;;;;;
4980;Rente lease 1;W;Winst & Verlies;WFbe;Financiële baten en lasten;;;;;;
4981;Rente lease 2;W;Winst & Verlies;WFbe;Financiële baten en lasten;;;;;;
4982;Rente lease 3;W;Winst & Verlies;WFbe;Financiële baten en lasten;;;;;;
4983;Rente lease 4;W;Winst & Verlies;WFbe;Financiële baten en lasten;;;;;;
4984;Rente lease 5;W;Winst & Verlies;WFbe;Financiële baten en lasten;;;;;;
4990;Oprenting lijfrenteverplichting;W;Winst & Verlies;WBed;Overige bedrijfskosten;;;;;;
7200;Prijsverschillen;W;Winst & Verlies;WKpr;Kostprijs van de omzet;;;;;;
7205;Kasverschillen;W;Winst & Verlies;WBed;Overige bedrijfskosten;WBedAdlKav;4210030;Kasverschillen;Kasverschillen administratieve lasten;D;4
7320;Emballage;W;Winst & Verlies;WKpr;Kostprijs van de omzet;;;;;;
8200;Omzet;W;Winst & Verlies;WOmz;Netto-omzet;;;;;;
8250;Omzet vrijgesteld;W;Winst & Verlies;WOmz;Netto-omzet;WOmzNopOlg;8001050;1e. Netto-omzet uit geproduceerde goederen belast met 0% of niet bij u belast;1e. Netto-omzet uit geproduceerde goederen belast met 0% of niet bij u belast;C;4
8320;Omzet buitenland buiten EU (diensten);W;Winst & Verlies;WOmz;Netto-omzet;;;;;;
8350;Blanco omzet buitenland;W;Winst & Verlies;WOmz;Netto-omzet;;;;;;
8400;Betalingsverschillen verkoop;W;Winst & Verlies;WBed;Overige bedrijfskosten;;;;;;
8410;Verkoopkortingen;W;Winst & Verlies;WOmz;Netto-omzet;;;;;;
8420;Prijsverschillen;W;Winst & Verlies;WOmz;Netto-omzet;;;;;;
9000;Buitengewone baten;W;Winst & Verlies;WOvb;Overige bedrijfsopbrengsten;;;;;;
9010;Buitengewone lasten;W;Winst & Verlies;WBed;Overige bedrijfskosten;;;;;;
9500;Resultaat deelnemingen 1;W;Winst & Verlies;WRed;Aandeel in resultaat van ondernemingen waarin wordt deelgenomen belastingen over de winst of het verlies;WWfaBwvFvaDee;8405010;Deelnemingen;Waardeveranderingen overige deelnemingen;D;5
9510;Resultaat deelnemingen 2;W;Winst & Verlies;WRed;Aandeel in resultaat van ondernemingen waarin wordt deelgenomen belastingen over de winst of het verlies;WWfaBwvFvaDee;8405010;Deelnemingen;Waardeveranderingen overige deelnemingen;D;5
9520;Resultaat deelnemingen 3;W;Winst & Verlies;WRed;Aandeel in resultaat van ondernemingen waarin wordt deelgenomen belastingen over de winst of het verlies;WWfaBwvFvaDee;8405010;Deelnemingen;Waardeveranderingen overige deelnemingen;D;5
9530;Resultaat deelnemingen 4;W;Winst & Verlies;WRed;Aandeel in resultaat van ondernemingen waarin wordt deelgenomen belastingen over de winst of het verlies;WWfaBwvFvaDee;8405010;Deelnemingen;Waardeveranderingen overige deelnemingen;D;5
9540;Resultaat deelnemingen 5;W;Winst & Verlies;WRed;Aandeel in resultaat van ondernemingen waarin wordt deelgenomen belastingen over de winst of het verlies;WWfaBwvFvaDee;8405010;Deelnemingen;Waardeveranderingen overige deelnemingen;D;5
9900;Vennootschapsbelasting;W;Winst & Verlies;WBel;Belastingen;;;;;;
9910;Vennootschapsbelasting voorgaande jaren;W;Winst & Verlies;WBed;Overige bedrijfskosten;;;;;;
9920;Mutatie latente belastingverplichting;W;Winst & Verlies;WBel;Belastingen;;;;;;
9930;Correctie BTW voorgaande jaren;W;Winst & Verlies;WBel;Belastingen;;;;;;
